00:00:54;OFF;29;1,440;1,987;2,000;2,070
00:01:01;OFF;60;1,450;2,173;2,000;3,994
00:01:08;OFF;60;1,455;2,417;2,000;3,853
00:01:14;OFF;29;1,450;2,070;2,000;2,393
00:01:21;OFF;29;1,450;1,914;2,000;2,471
00:01:28;OFF;20;1,450;1,963;2,000;1,895
00:01:35;OFF;19;1,450;1,914;2,000;1,650
00:01:41;OFF;25;1,450;1,890;2,000;2,178
00:01:48;OFF;25;1,455;1,997;2,000;2,007
00:01:55;OFF;25;1,450;2,031;2,000;2,295
00:02:02;OFF;25;1,445;2,036;2,000;2,295
00:02:08;OFF;25;1,450;2,012;2,000;2,119
00:02:15;OFF;25;1,450;2,012;2,000;2,114
00:02:22;OFF;25;1,455;1,885;2,000;2,183
00:02:29;OFF;25;1,450;2,012;2,000;2,119
00:02:35;OFF;25;1,450;2,002;2,000;2,012
00:02:42;OFF;25;1,450;2,002;2,000;2,017
00:02:49;OFF;25;1,455;2,002;2,000;2,012
00:02:56;OFF;25;1,450;1,890;2,000;2,178
00:03:03;OFF;25;1,450;2,017;2,000;2,124
00:03:09;OFF;25;1,450;1,890;2,000;2,183
00:03:16;OFF;25;1,450;2,002;2,000;2,012
00:03:23;OFF;25;1,450;2,007;2,000;2,114
00:03:30;OFF;25;1,450;2,036;2,000;2,305
00:03:36;OFF;25;1,455;1,890;2,000;2,153
00:03:43;OFF;25;1,455;1,890;2,000;2,178
00:03:50;OFF;25;1,455;2,007;2,000;2,109
00:03:57;OFF;25;1,455;2,041;2,000;2,295
00:04:03;OFF;25;1,460;1,890;2,000;2,173
00:04:10;OFF;25;1,455;2,031;2,000;2,290
00:04:17;OFF;25;1,455;1,899;2,000;2,148
00:04:24;OFF;25;1,460;1,885;2,000;2,173
00:04:31;OFF;25;1,455;1,890;2,000;2,148
00:04:37;OFF;25;1,455;1,895;2,000;2,148
00:04:44;OFF;25;1,470;2,012;2,000;2,100
00:04:51;OFF;25;1,455;2,007;2,000;2,100
00:04:58;OFF;25;1,455;1,987;2,000;1,992
00:05:04;OFF;25;1,460;1,895;2,000;2,139
00:05:11;OFF;25;1,455;1,992;2,000;1,987
00:05:18;OFF;25;1,455;1,885;2,000;2,158
00:05:25;OFF;25;1,455;2,012;2,000;2,095
00:05:31;OFF;25;1,455;1,895;2,000;2,134
00:05:38;OFF;25;1,455;1,890;2,000;2,134
00:05:45;OFF;25;1,455;1,885;2,000;2,153
00:05:52;OFF;25;1,455;1,895;2,000;2,139
00:05:59;OFF;25;1,455;1,992;2,000;1,992
00:06:05;OFF;25;1,460;2,026;2,000;2,275
00:06:12;OFF;25;1,455;1,997;2,000;1,992
00:06:19;OFF;25;1,455;1,997;2,000;1,997
00:06:26;OFF;25;1,460;1,992;2,000;1,992
00:06:32;OFF;25;1,460;1,992;2,000;1,992
00:06:39;OFF;25;1,460;1,880;2,000;2,153
00:06:46;OFF;25;1,460;1,997;2,000;1,992
00:06:53;OFF;25;1,460;1,992;2,000;1,992
00:06:59;OFF;25;1,460;2,026;2,000;2,280
00:07:06;OFF;25;1,460;2,031;2,000;2,275
00:07:13;OFF;25;1,455;2,007;2,000;2,100
00:07:20;OFF;25;1,455;1,997;2,000;1,992
00:07:26;OFF;25;1,460;1,997;2,000;1,997
00:07:33;OFF;25;1,460;2,026;2,000;2,275
00:07:40;OFF;25;1,460;1,885;2,000;2,163
00:07:47;OFF;25;1,465;2,031;2,000;2,280
00:07:54;OFF;25;1,460;2,026;2,000;2,280
00:08:00;OFF;25;1,460;1,880;2,000;2,168
00:08:07;OFF;25;1,460;2,031;2,000;2,285
00:08:14;OFF;25;1,455;1,997;2,000;1,997
00:08:21;OFF;25;1,455;1,992;2,000;1,997
00:08:27;OFF;25;1,460;1,885;2,000;2,163
00:08:34;OFF;25;1,460;1,895;2,000;2,144
00:08:41;OFF;25;1,455;2,031;2,000;2,280
00:08:48;OFF;25;1,460;1,895;2,000;2,148
00:08:54;OFF;25;1,460;1,895;2,000;2,144
00:09:01;OFF;25;1,455;1,895;2,000;2,144
00:09:08;OFF;25;1,460;2,012;2,000;2,100
00:09:15;OFF;25;1,465;2,007;2,000;2,104
00:09:22;OFF;25;1,460;1,997;2,000;2,002
00:09:28;OFF;25;1,465;2,031;2,000;2,280
00:09:35;OFF;25;1,460;1,885;2,000;2,163
00:09:42;OFF;25;1,460;1,890;2,000;2,139
00:09:49;OFF;25;1,465;2,012;2,000;2,100
00:09:55;OFF;25;1,460;1,895;2,000;2,144
00:10:02;OFF;25;1,455;2,007;2,000;2,095
00:10:09;OFF;25;1,460;1,880;2,000;2,153
00:10:16;OFF;25;1,460;2,007;2,000;2,095
00:10:22;OFF;25;1,460;1,997;2,000;1,987
00:10:29;OFF;25;1,465;1,997;2,000;1,987
00:10:36;OFF;25;1,460;2,007;2,000;2,090
00:10:43;OFF;25;1,460;2,031;2,000;2,271
00:10:50;OFF;25;1,465;2,007;2,000;2,095
00:10:56;OFF;25;1,460;2,031;2,000;2,275
00:11:03;OFF;25;1,460;1,885;2,000;2,148
00:11:10;OFF;25;1,460;2,007;2,000;2,090
00:11:17;OFF;25;1,465;2,026;2,000;2,271
00:11:23;OFF;25;1,465;1,895;2,000;2,134
00:11:30;OFF;25;1,465;1,895;2,000;2,134
00:11:37;OFF;25;1,460;2,007;2,000;2,085
00:11:44;OFF;25;1,460;1,992;2,000;1,982
00:11:50;OFF;25;1,465;1,880;2,000;2,148
00:11:57;OFF;25;1,465;1,997;2,000;1,987
00:12:04;OFF;25;1,460;2,002;2,000;2,080
00:12:11;OFF;25;1,465;2,031;2,000;2,261
00:12:17;OFF;25;1,460;2,002;2,000;2,075
00:12:24;OFF;25;1,465;1,895;2,000;2,119
00:12:31;OFF;25;1,470;1,992;2,000;1,973
00:12:38;OFF;25;1,460;1,890;2,000;2,119
00:12:45;OFF;25;1,465;2,007;2,000;2,070
00:12:51;OFF;25;1,465;1,890;2,000;2,109
00:12:58;OFF;25;1,465;1,982;2,000;1,953
00:13:05;OFF;25;1,465;2,021;2,000;2,231
00:13:12;OFF;25;1,465;2,002;2,000;2,051
00:13:18;OFF;25;1,465;1,885;2,000;2,090
00:13:25;OFF;25;1,460;1,997;2,000;2,046
00:13:32;OFF;25;1,460;2,017;2,000;2,227
00:13:39;OFF;25;1,465;1,870;2,000;2,109
00:13:45;OFF;25;1,465;1,997;2,000;2,041
00:13:52;OFF;25;1,470;2,021;2,000;2,222
00:13:59;OFF;25;1,465;1,982;2,000;1,943
00:14:06;OFF;25;1,460;1,978;2,000;1,934
00:14:13;OFF;25;1,465;2,021;2,000;2,217
00:14:19;OFF;25;1,460;1,992;2,000;2,031
00:14:26;OFF;25;1,465;1,870;2,000;2,104
00:14:33;OFF;25;1,465;1,997;2,000;2,041
00:14:40;OFF;25;1,465;1,885;2,000;2,085
00:14:46;OFF;25;1,465;1,890;2,000;2,100
00:14:53;OFF;25;1,465;1,997;2,000;2,051
00:15:00;OFF;25;1,470;2,021;2,000;2,222
00:15:07;OFF;25;1,470;1,982;2,000;1,948
00:15:13;OFF;25;1,470;1,890;2,000;2,100
00:15:20;OFF;25;1,465;2,017;2,000;2,227
00:15:27;OFF;25;1,465;1,875;2,000;2,114
00:15:34;OFF;25;1,465;1,880;2,000;2,109
00:15:41;OFF;25;1,465;2,026;2,000;2,227
00:15:47;OFF;25;1,465;2,021;2,000;2,231
00:15:54;OFF;25;1,465;1,885;2,000;2,095
00:16:01;OFF;25;1,465;1,987;2,000;1,948
00:16:08;OFF;25;1,470;1,880;2,000;2,095
00:16:14;OFF;0;1,465;1,870;2,000;2,075
00:16:21;OFF;0;1,455;1,460;2,000;0,000
00:16:28;OFF;0;1,450;1,445;2,000;0,000
00:16:35;OFF;0;1,450;1,450;2,000;0,000
00:16:41;OFF;0;1,445;1,445;2,000;0,000
00:16:48;OFF;0;1,445;1,445;2,000;0,000
00:16:55;OFF;0;1,440;1,440;2,000;0,000
00:17:01;OFF;0;1,450;1,445;2,000;0,000
00:17:08;OFF;0;1,440;1,440;2,000;0,000
00:17:15;OFF;0;1,440;1,440;2,000;0,000
00:17:22;OFF;0;1,440;1,440;2,000;0,000
00:17:28;OFF;0;1,436;1,436;2,000;0,000
00:17:35;OFF;0;1,436;1,440;2,000;0,000
00:17:42;OFF;0;1,440;1,440;2,000;0,000
00:17:48;OFF;0;1,436;1,436;2,000;0,000
00:17:55;OFF;0;1,440;1,436;2,000;0,000
00:18:02;OFF;0;1,436;1,440;2,000;0,000
00:18:09;OFF;0;1,436;1,436;2,000;0,000
00:18:15;OFF;0;1,436;1,436;2,000;0,000
00:18:22;OFF;0;1,436;1,436;2,000;0,000
00:18:29;OFF;0;1,431;1,431;2,000;0,000
00:18:35;OFF;0;1,436;1,431;2,000;0,000
00:18:42;OFF;0;1,436;1,436;2,000;0,000
00:18:49;OFF;0;1,431;1,436;2,000;0,000
00:18:56;OFF;0;1,431;1,431;2,000;0,000
00:19:02;OFF;0;1,426;1,431;2,000;0,000
00:19:09;OFF;0;1,431;1,436;2,000;0,000
00:19:16;OFF;0;1,426;1,426;2,000;0,000
00:19:22;OFF;0;1,431;1,431;2,000;0,000
00:19:29;OFF;0;1,426;1,426;2,000;0,000
00:19:36;OFF;0;1,431;1,431;2,000;0,000
00:19:43;OFF;0;1,421;1,426;2,000;0,000
00:19:49;OFF;0;1,436;1,431;2,000;0,000
00:19:56;OFF;0;1,426;1,426;2,000;0,000
00:20:03;OFF;0;1,426;1,426;2,000;0,000
00:20:09;OFF;0;1,426;1,426;2,000;0,000
00:20:16;OFF;0;1,426;1,426;2,000;0,000
00:20:23;OFF;0;1,431;1,426;2,000;0,000
00:20:30;OFF;0;1,421;1,426;2,000;0,000
00:20:36;OFF;0;1,426;1,426;2,000;0,000
00:20:43;OFF;0;1,426;1,426;2,000;0,000
00:20:50;OFF;0;1,426;1,426;2,000;0,000
00:20:56;OFF;0;1,426;1,426;2,000;0,000
00:21:03;OFF;0;1,426;1,426;2,000;0,000
00:21:10;OFF;0;1,421;1,426;2,000;0,000
00:21:17;OFF;0;1,421;1,421;2,000;0,000
00:21:23;OFF;0;1,421;1,426;2,000;0,000
00:21:30;OFF;0;1,421;1,421;2,000;0,000
00:21:37;OFF;0;1,421;1,421;2,000;0,000
00:21:43;OFF;0;1,421;1,426;2,000;0,000
00:21:50;OFF;0;1,421;1,421;2,000;0,000
00:21:57;OFF;0;1,421;1,421;2,000;0,000
00:22:04;OFF;0;1,421;1,421;2,000;0,000
00:22:10;OFF;0;1,421;1,421;2,000;0,000
00:22:17;OFF;0;1,421;1,421;2,000;0,000
00:22:24;OFF;0;1,421;1,421;2,000;0,000
00:22:30;OFF;0;1,421;1,426;2,000;0,000
00:22:37;OFF;0;1,416;1,416;2,000;0,000
00:22:44;OFF;0;1,426;1,421;2,000;0,000
00:22:51;OFF;0;1,426;1,421;2,000;0,000
00:22:57;OFF;0;1,416;1,421;2,000;0,000
00:23:04;OFF;0;1,416;1,421;2,000;0,000
00:23:11;OFF;0;1,421;1,421;2,000;0,000
00:23:17;OFF;0;1,421;1,421;2,000;0,000
00:23:24;OFF;0;1,426;1,421;2,000;0,000
00:23:31;OFF;0;1,421;1,421;2,000;0,000
00:23:38;OFF;0;1,421;1,416;2,000;0,000
00:23:44;OFF;0;1,421;1,421;2,000;0,000
00:23:51;OFF;0;1,421;1,421;2,000;0,000
00:23:58;OFF;0;1,421;1,421;2,000;0,000
00:24:04;OFF;0;1,416;1,421;2,000;0,000
00:24:11;OFF;0;1,416;1,421;2,000;0,000
00:24:18;OFF;0;1,421;1,421;2,000;0,000
00:24:25;OFF;0;1,416;1,421;2,000;0,000
00:24:31;OFF;0;1,421;1,416;2,000;0,000
00:24:38;OFF;0;1,421;1,416;2,000;0,000
00:24:45;OFF;0;1,421;1,421;2,000;0,000
00:24:51;OFF;0;1,416;1,416;2,000;0,000
00:24:58;OFF;0;1,416;1,416;2,000;0,000
00:25:05;OFF;0;1,416;1,421;2,000;0,000
00:25:12;OFF;0;1,421;1,416;2,000;0,000
00:25:18;OFF;0;1,416;1,416;2,000;0,000
00:25:25;OFF;0;1,416;1,416;2,000;0,000
00:25:32;OFF;0;1,421;1,421;2,000;0,000
00:25:39;OFF;0;1,421;1,416;2,000;0,000
00:25:45;OFF;0;1,416;1,416;2,000;0,000
00:25:52;OFF;0;1,421;1,421;2,000;0,000
00:25:59;OFF;0;1,421;1,411;2,000;0,000
00:26:05;OFF;0;1,416;1,416;2,000;0,000
00:26:12;OFF;0;1,416;1,416;2,000;0,000
00:26:19;OFF;0;1,416;1,421;2,000;0,000
00:26:26;OFF;0;1,421;1,421;2,000;0,000
00:26:32;OFF;0;1,416;1,416;2,000;0,000
00:26:39;OFF;7;1,421;1,553;2,000;0,635
00:26:46;OFF;25;1,426;1,978;2,000;1,982
00:26:52;OFF;25;1,436;1,968;2,000;1,895
00:26:59;OFF;25;1,440;1,968;2,000;1,909
00:27:06;OFF;25;1,440;1,982;2,000;2,017
00:27:13;OFF;25;1,440;1,978;2,000;2,012
00:27:20;OFF;25;1,445;1,865;2,000;2,080
00:27:26;OFF;25;1,445;1,870;2,000;2,085
00:27:33;OFF;25;1,445;1,982;2,000;2,012
00:27:40;OFF;25;1,445;1,875;2,000;2,075
00:27:47;OFF;25;1,450;1,885;2,000;2,070
00:27:53;OFF;25;1,450;1,982;2,000;2,017
00:28:00;OFF;25;1,445;1,973;2,000;1,924
00:28:07;OFF;25;1,450;1,973;2,000;1,924
00:28:14;OFF;25;1,450;2,012;2,000;2,212
00:28:20;OFF;25;1,450;1,870;2,000;2,080
00:28:27;OFF;25;1,455;2,012;2,000;2,207
00:28:34;OFF;25;1,450;2,012;2,000;2,197
00:28:41;OFF;25;1,455;2,007;2,000;2,202
00:28:48;OFF;25;1,455;2,012;2,000;2,212
00:28:54;OFF;25;1,455;1,978;2,000;1,934
00:29:01;OFF;25;1,455;1,885;2,000;2,080
00:29:08;OFF;25;1,455;1,880;2,000;2,080
00:29:15;OFF;25;1,455;1,885;2,000;2,080
00:29:21;OFF;25;1,455;2,007;2,000;2,212
00:29:28;OFF;25;1,465;1,885;2,000;2,080
00:29:35;OFF;25;1,455;1,890;2,000;2,080
00:29:42;OFF;25;1,460;1,885;2,000;2,090
00:29:48;OFF;25;1,465;1,992;2,000;2,036
00:29:55;OFF;25;1,460;1,982;2,000;1,934
00:30:02;OFF;25;1,460;1,885;2,000;2,080
00:30:09;OFF;25;1,465;1,890;2,000;2,090
00:30:16;OFF;25;1,465;1,992;2,000;2,026
00:30:22;OFF;25;1,465;2,017;2,000;2,202
00:30:29;OFF;25;1,460;2,017;2,000;2,212
00:30:36;OFF;25;1,460;1,885;2,000;2,080
00:30:43;OFF;25;1,460;1,992;2,000;2,021
00:30:49;OFF;25;1,465;1,880;2,000;2,095
00:30:56;OFF;25;1,460;1,875;2,000;2,085
00:31:03;OFF;25;1,460;1,982;2,000;1,924
00:31:10;OFF;25;1,470;1,987;2,000;2,026
00:31:16;OFF;25;1,460;2,017;2,000;2,222
00:31:23;OFF;25;1,465;1,885;2,000;2,080
00:31:30;OFF;25;1,470;2,017;2,000;2,212
00:31:37;OFF;25;1,460;1,880;2,000;2,100
00:31:43;OFF;25;1,465;1,885;2,000;2,104
00:31:50;OFF;25;1,465;1,987;2,000;1,934
00:31:57;OFF;25;1,470;1,982;2,000;1,934
00:32:04;OFF;25;1,465;1,890;2,000;2,104
00:32:11;OFF;25;1,465;1,885;2,000;2,104
00:32:17;OFF;25;1,470;1,997;2,000;2,036
00:32:24;OFF;25;1,465;2,017;2,000;2,217
00:32:31;OFF;25;1,470;1,987;2,000;1,943
00:32:38;OFF;25;1,465;1,982;2,000;1,938
00:32:44;OFF;25;1,470;1,992;2,000;2,031
00:32:51;OFF;25;1,465;1,885;2,000;2,104
00:32:58;OFF;25;1,470;2,021;2,000;2,212
00:33:05;OFF;25;1,465;1,890;2,000;2,080
00:33:11;OFF;25;1,470;1,982;2,000;1,934
00:33:18;OFF;25;1,470;1,890;2,000;2,080
00:33:25;OFF;25;1,470;2,012;2,000;2,212
00:33:32;OFF;25;1,470;2,017;2,000;2,207
00:33:39;OFF;25;1,470;1,880;2,000;2,100
00:33:45;OFF;25;1,475;1,997;2,000;2,036
00:33:52;OFF;25;1,470;2,002;2,000;2,041
00:33:59;OFF;25;1,470;1,890;2,000;2,095
00:34:06;OFF;25;1,470;1,992;2,000;2,041
00:34:12;OFF;25;1,470;2,031;2,000;2,231
00:34:19;OFF;25;1,470;1,885;2,000;2,119
00:34:26;OFF;25;1,470;1,997;2,000;2,036
00:34:33;OFF;25;1,475;1,992;2,000;1,948
00:34:39;OFF;25;1,475;1,895;2,000;2,090
00:34:46;OFF;25;1,470;1,997;2,000;2,036
00:34:53;OFF;25;1,475;1,890;2,000;2,104
00:35:00;OFF;25;1,470;1,992;2,000;1,943
00:35:07;OFF;25;1,475;1,880;2,000;2,104
00:35:13;OFF;25;1,470;1,885;2,000;2,114
00:35:20;OFF;25;1,475;1,987;2,000;1,938
00:35:27;OFF;25;1,475;2,017;2,000;2,217
00:35:34;OFF;25;1,470;1,895;2,000;2,090
00:35:40;OFF;25;1,475;1,997;2,000;2,036
00:35:47;OFF;25;1,470;1,987;2,000;1,934
00:35:54;OFF;25;1,479;1,987;2,000;1,934
00:36:01;OFF;25;1,475;2,021;2,000;2,227
00:36:07;OFF;25;1,475;1,885;2,000;2,100
00:36:14;OFF;25;1,475;1,885;2,000;2,109
00:36:21;OFF;25;1,470;1,895;2,000;2,104
00:36:28;OFF;25;1,470;1,997;2,000;2,046
00:36:34;OFF;25;1,475;2,031;2,000;2,246
00:36:41;OFF;25;1,475;1,992;2,000;1,948
00:36:48;OFF;25;1,475;1,992;2,000;1,953
00:36:55;OFF;25;1,475;1,987;2,000;1,943
00:37:02;OFF;25;1,475;1,904;2,000;2,100
00:37:08;OFF;25;1,470;1,899;2,000;2,100
00:37:15;OFF;25;1,475;1,895;2,000;2,100
00:37:22;OFF;25;1,475;1,880;2,000;2,114
00:37:29;OFF;25;1,475;1,899;2,000;2,090
00:37:35;OFF;25;1,475;1,997;2,000;2,031
00:37:42;OFF;25;1,470;1,982;2,000;1,934
00:37:49;OFF;25;1,475;1,997;2,000;1,934
00:37:56;OFF;25;1,475;1,890;2,000;2,085
00:38:02;OFF;25;1,475;1,992;2,000;2,031
00:38:09;OFF;25;1,470;2,012;2,000;2,217
00:38:16;OFF;25;1,479;2,002;2,000;2,031
00:38:23;OFF;25;1,475;2,021;2,000;2,222
00:38:30;OFF;25;1,475;2,017;2,000;2,212
00:38:36;OFF;25;1,475;1,880;2,000;2,100
00:38:43;OFF;25;1,470;1,890;2,000;2,109
00:38:50;OFF;25;1,475;1,987;2,000;1,938
00:38:57;OFF;25;1,479;2,002;2,000;2,041
00:39:03;OFF;25;1,475;2,021;2,000;2,231
00:39:10;OFF;25;1,479;1,895;2,000;2,100
00:39:17;OFF;25;1,479;1,997;2,000;2,041
00:39:24;OFF;25;1,479;2,021;2,000;2,227
00:39:30;OFF;25;1,475;1,895;2,000;2,119
00:39:37;OFF;25;1,479;1,895;2,000;2,100
00:39:44;OFF;25;1,479;1,987;2,000;1,943
00:39:51;OFF;25;1,479;1,890;2,000;2,090
00:39:58;OFF;25;1,479;1,895;2,000;2,095
00:40:04;OFF;25;1,475;1,987;2,000;1,934
00:40:11;OFF;25;1,475;1,982;2,000;1,943
00:40:18;OFF;25;1,479;2,021;2,000;2,227
00:40:25;OFF;25;1,479;1,992;2,000;1,938
00:40:31;OFF;25;1,479;1,997;2,000;2,036
00:40:38;OFF;25;1,479;2,021;2,000;2,217
00:40:45;OFF;25;1,479;2,002;2,000;2,041
00:40:52;OFF;25;1,475;1,895;2,000;2,095
00:40:58;OFF;25;1,475;1,895;2,000;2,095
00:41:05;OFF;25;1,475;1,992;2,000;1,938
00:41:12;OFF;25;1,479;1,890;2,000;2,114
00:41:19;OFF;25;1,475;2,026;2,000;2,227
00:41:25;OFF;25;1,479;1,885;2,000;2,109
00:41:32;OFF;25;1,484;2,026;2,000;2,222
00:41:39;OFF;25;1,475;2,002;2,000;2,041
00:41:46;OFF;25;1,479;1,997;2,000;2,041
00:41:53;OFF;25;1,475;2,021;2,000;2,222
00:41:59;OFF;25;1,479;2,007;2,000;2,036
00:42:06;OFF;25;1,479;1,987;2,000;1,938
00:42:13;OFF;25;1,479;1,997;2,000;2,036
00:42:20;OFF;25;1,479;1,992;2,000;1,943
00:42:26;OFF;25;1,479;1,895;2,000;2,104
00:42:33;OFF;25;1,479;1,992;2,000;2,046
00:42:40;OFF;25;1,479;2,007;2,000;2,056
00:42:47;OFF;25;1,484;1,895;2,000;2,104
00:42:53;OFF;25;1,479;1,885;2,000;2,109
00:43:00;OFF;25;1,479;1,885;2,000;2,114
00:43:07;OFF;25;1,479;1,992;2,000;2,041
00:43:14;OFF;25;1,479;1,987;2,000;1,943
00:43:21;OFF;25;1,479;2,002;2,000;2,046
00:43:27;OFF;25;1,479;2,017;2,000;2,222
00:43:34;OFF;25;1,484;1,992;2,000;1,963
00:43:41;OFF;25;1,484;1,890;2,000;2,119
00:43:48;OFF;25;1,475;1,895;2,000;2,104
00:43:54;OFF;25;1,479;1,895;2,000;2,104
00:44:01;OFF;25;1,479;2,017;2,000;2,231
00:44:08;OFF;25;1,484;1,895;2,000;2,095
00:44:15;OFF;25;1,479;2,021;2,000;2,227
00:44:21;OFF;25;1,479;2,021;2,000;2,227
00:44:28;OFF;25;1,484;1,895;2,000;2,100
00:44:35;OFF;25;1,479;1,890;2,000;2,104
00:44:42;OFF;25;1,484;1,997;2,000;1,958
00:44:49;OFF;25;1,484;1,987;2,000;1,948
00:44:55;OFF;25;1,484;2,021;2,000;2,231
00:45:02;OFF;25;1,484;1,895;2,000;2,100
00:45:09;OFF;25;1,479;1,895;2,000;2,095
00:45:16;OFF;25;1,489;1,895;2,000;2,095
00:45:22;OFF;25;1,479;2,021;2,000;2,227
00:45:29;OFF;25;1,479;1,885;2,000;2,114
00:45:36;OFF;25;1,484;1,899;2,000;2,104
00:45:43;OFF;25;1,484;2,021;2,000;2,231
00:45:49;OFF;25;1,484;1,885;2,000;2,119
00:45:56;OFF;25;1,484;1,899;2,000;2,114
00:46:03;OFF;25;1,489;1,885;2,000;2,124
00:46:10;OFF;25;1,484;1,895;2,000;2,104
00:46:16;OFF;25;1,479;1,890;2,000;2,104
00:46:23;OFF;25;1,484;1,885;2,000;2,124
00:46:30;OFF;25;1,484;1,885;2,000;2,119
00:46:37;OFF;25;1,484;2,007;2,000;2,065
00:46:44;OFF;25;1,489;1,992;2,000;1,948
00:46:50;OFF;25;1,484;1,992;2,000;1,958
00:46:57;OFF;25;1,494;1,895;2,000;2,100
00:47:04;OFF;25;1,484;2,002;2,000;2,051
00:47:11;OFF;25;1,484;2,026;2,000;2,251
00:47:17;OFF;25;1,484;1,885;2,000;2,114
00:47:24;OFF;25;1,489;2,002;2,000;2,046
00:47:31;OFF;25;1,484;2,021;2,000;2,222
00:47:38;OFF;25;1,484;1,890;2,000;2,104
00:47:44;OFF;25;1,484;1,899;2,000;2,100
00:47:51;OFF;25;1,484;1,982;2,000;1,943
00:47:58;OFF;25;1,484;1,890;2,000;2,095
00:48:05;OFF;25;1,484;1,997;2,000;2,041
00:48:12;OFF;25;1,484;1,997;2,000;2,046
00:48:18;OFF;25;1,479;2,002;2,000;2,046
00:48:25;OFF;25;1,479;1,885;2,000;2,114
00:48:32;OFF;25;1,484;2,021;2,000;2,227
00:48:39;OFF;25;1,484;1,895;2,000;2,095
00:48:45;OFF;25;1,484;1,895;2,000;2,104
00:48:52;OFF;25;1,484;2,002;2,000;2,051
00:48:59;OFF;25;1,479;1,997;2,000;2,041
00:49:06;OFF;25;1,484;2,026;2,000;2,231
00:49:12;OFF;25;1,484;1,890;2,000;2,109
00:49:19;OFF;25;1,484;2,021;2,000;2,222
00:49:26;OFF;25;1,484;1,987;2,000;1,934
00:49:33;OFF;25;1,484;1,997;2,000;2,036
00:49:39;OFF;25;1,489;2,026;2,000;2,231
00:49:46;OFF;25;1,479;2,026;2,000;2,236
00:49:53;OFF;25;1,484;1,987;2,000;1,943
00:50:00;OFF;25;1,484;2,002;2,000;2,046
00:50:07;OFF;25;1,484;1,992;2,000;1,943
00:50:13;OFF;25;1,484;1,987;2,000;1,938
00:50:20;OFF;25;1,484;1,992;2,000;1,948
00:50:27;OFF;25;1,494;1,899;2,000;2,100
00:50:34;OFF;25;1,489;1,992;2,000;1,948
00:50:40;OFF;25;1,489;1,885;2,000;2,114
00:50:47;OFF;25;1,484;1,890;2,000;2,109
00:50:54;OFF;25;1,484;1,992;2,000;1,943
00:51:01;OFF;25;1,489;2,017;2,000;2,227
00:51:07;OFF;25;1,489;2,021;2,000;2,231
00:51:14;OFF;25;1,489;2,021;2,000;2,227
00:51:21;OFF;25;1,484;1,997;2,000;1,943
00:51:28;OFF;25;1,484;1,992;2,000;1,943
00:51:35;OFF;25;1,484;2,026;2,000;2,231
00:51:41;OFF;25;1,489;2,021;2,000;2,222
00:51:48;OFF;25;1,489;2,026;2,000;2,227
00:51:55;OFF;25;1,484;1,895;2,000;2,100
00:52:02;OFF;25;1,484;2,021;2,000;2,236
00:52:08;OFF;25;1,484;2,026;2,000;2,227
00:52:15;OFF;25;1,484;1,895;2,000;2,100
00:52:22;OFF;25;1,484;1,987;2,000;1,948
00:52:29;OFF;25;1,489;1,992;2,000;1,948
00:52:35;OFF;25;1,484;1,895;2,000;2,100
00:52:42;OFF;25;1,484;2,021;2,000;2,222
00:52:49;OFF;25;1,489;1,899;2,000;2,104
00:52:56;OFF;25;1,484;1,895;2,000;2,104
00:53:03;OFF;25;1,489;2,002;2,000;2,061
00:53:09;OFF;25;1,489;2,012;2,000;2,061
00:53:16;OFF;25;1,489;1,992;2,000;1,948
00:53:23;OFF;25;1,489;1,895;2,000;2,100
00:53:30;OFF;25;1,489;1,899;2,000;2,100
00:53:36;OFF;25;1,494;1,890;2,000;2,114
00:53:43;OFF;25;1,489;1,895;2,000;2,095
00:53:50;OFF;25;1,489;2,007;2,000;2,046
00:53:57;OFF;25;1,489;2,002;2,000;2,046
00:54:03;OFF;25;1,489;2,002;2,000;2,051
00:54:10;OFF;25;1,489;1,890;2,000;2,119
00:54:17;OFF;25;1,489;1,885;2,000;2,109
00:54:24;OFF;25;1,484;1,987;2,000;1,948
00:54:30;OFF;25;1,489;1,987;2,000;1,948
00:54:37;OFF;25;1,484;1,997;2,000;2,041
00:54:44;OFF;25;1,489;1,895;2,000;2,104
00:54:51;OFF;25;1,489;1,899;2,000;2,104
00:54:58;OFF;25;1,489;1,890;2,000;2,119
00:55:04;OFF;25;1,484;1,885;2,000;2,114
00:55:11;OFF;25;1,494;1,899;2,000;2,104
00:55:18;OFF;25;1,489;1,992;2,000;1,943
00:55:25;OFF;25;1,494;1,895;2,000;2,100
00:55:31;OFF;25;1,499;1,890;2,000;2,114
00:55:38;OFF;25;1,484;1,992;2,000;1,953
00:55:45;OFF;25;1,499;2,007;2,000;2,046
00:55:52;OFF;25;1,494;2,002;2,000;2,046
00:55:58;OFF;25;1,489;2,007;2,000;2,046
00:56:05;OFF;25;1,489;1,904;2,000;2,104
00:56:12;OFF;25;1,494;1,895;2,000;2,119
00:56:19;OFF;25;1,494;2,031;2,000;2,246
00:56:26;OFF;25;1,494;1,895;2,000;2,104
00:56:32;OFF;25;1,489;1,895;2,000;2,109
00:56:39;OFF;25;1,494;1,904;2,000;2,104
00:56:46;OFF;25;1,489;2,002;2,000;2,046
00:56:53;OFF;25;1,494;2,026;2,000;2,231
00:56:59;OFF;25;1,494;1,885;2,000;2,119
00:57:06;OFF;25;1,494;2,002;2,000;2,046
00:57:13;OFF;25;1,494;2,007;2,000;2,051
00:57:20;OFF;25;1,494;1,899;2,000;2,095
00:57:26;OFF;25;1,489;2,002;2,000;2,041
00:57:33;OFF;25;1,494;1,895;2,000;2,114
00:57:40;OFF;25;1,489;1,890;2,000;2,119
00:57:47;OFF;25;1,494;1,895;2,000;2,100
00:57:54;OFF;25;1,494;2,026;2,000;2,231
00:58:00;OFF;25;1,494;1,895;2,000;2,104
00:58:07;OFF;25;1,489;2,002;2,000;2,051
00:58:14;OFF;25;1,494;2,036;2,000;2,231
00:58:21;OFF;25;1,494;2,002;2,000;2,046
00:58:27;OFF;25;1,494;1,885;2,000;2,114
00:58:34;OFF;25;1,489;2,026;2,000;2,231
00:58:41;OFF;25;1,499;1,904;2,000;2,109
00:58:48;OFF;25;1,489;1,899;2,000;2,100
00:58:54;OFF;25;1,499;1,890;2,000;2,114
00:59:01;OFF;25;1,499;1,890;2,000;2,109
00:59:08;OFF;25;1,489;1,992;2,000;1,943
00:59:15;OFF;25;1,494;1,992;2,000;1,953
00:59:21;OFF;25;1,494;2,021;2,000;2,227
00:59:28;OFF;25;1,494;1,895;2,000;2,114
00:59:35;OFF;25;1,494;1,895;2,000;2,119
00:59:42;OFF;25;1,494;2,026;2,000;2,227
00:59:49;OFF;25;1,499;1,890;2,000;2,119
00:59:55;OFF;25;1,494;1,904;2,000;2,109
01:00:02;OFF;25;1,494;1,899;2,000;2,104
01:00:09;OFF;25;1,499;1,904;2,000;2,104
01:00:16;OFF;25;1,494;1,997;2,000;1,953
01:00:22;OFF;25;1,499;1,899;2,000;2,104
01:00:29;OFF;25;1,494;2,026;2,000;2,231
01:00:36;OFF;25;1,489;1,895;2,000;2,109
01:00:43;OFF;25;1,494;1,885;2,000;2,124
01:00:49;OFF;25;1,489;1,890;2,000;2,104
01:00:56;OFF;25;1,494;2,007;2,000;2,046
01:01:03;OFF;25;1,494;2,007;2,000;2,046
01:01:10;OFF;25;1,499;1,909;2,000;2,104
01:01:17;OFF;25;1,499;1,895;2,000;2,104
01:01:23;OFF;25;1,489;2,002;2,000;2,051
01:01:30;OFF;25;1,494;2,002;2,000;2,046
01:01:37;OFF;25;1,499;2,012;2,000;2,051
01:01:44;OFF;25;1,499;1,899;2,000;2,100
01:01:50;OFF;25;1,499;2,007;2,000;2,051
01:01:57;OFF;25;1,504;1,895;2,000;2,119
01:02:04;OFF;25;1,499;2,002;2,000;2,046
01:02:11;OFF;25;1,494;1,992;2,000;1,948
01:02:17;OFF;25;1,494;1,992;2,000;1,948
01:02:24;OFF;25;1,499;1,992;2,000;1,958
01:02:31;OFF;25;1,494;1,899;2,000;2,104
01:02:38;OFF;25;1,494;1,904;2,000;2,104
01:02:45;OFF;25;1,499;1,890;2,000;2,114
01:02:51;OFF;25;1,494;1,987;2,000;1,958
01:02:58;OFF;25;1,494;2,002;2,000;2,046
01:03:05;OFF;25;1,494;1,992;2,000;1,948
01:03:12;OFF;25;1,509;1,899;2,000;2,104
01:03:18;OFF;25;1,494;2,031;2,000;2,231
01:03:25;OFF;25;1,499;1,992;2,000;1,948
01:03:32;OFF;25;1,494;2,007;2,000;2,051
01:03:39;OFF;25;1,499;1,992;2,000;1,958
01:03:45;OFF;25;1,494;2,007;2,000;2,041
01:03:52;OFF;25;1,494;2,007;2,000;2,046
01:03:59;OFF;25;1,499;2,026;2,000;2,227
01:04:06;OFF;25;1,499;2,002;2,000;2,046
01:04:12;OFF;25;1,499;1,899;2,000;2,100
01:04:19;OFF;25;1,499;2,002;2,000;2,046
01:04:26;OFF;25;1,494;2,002;2,000;2,041
01:04:33;OFF;25;1,494;2,002;2,000;2,046
01:04:40;OFF;25;1,499;1,899;2,000;2,104
01:04:46;OFF;25;1,499;2,026;2,000;2,231
01:04:53;OFF;25;1,504;2,002;2,000;2,051
01:05:00;OFF;25;1,499;2,007;2,000;2,051
01:05:07;OFF;25;1,494;2,002;2,000;2,046
01:05:13;OFF;25;1,494;2,021;2,000;2,227
01:05:20;OFF;25;1,499;1,895;2,000;2,119
01:05:27;OFF;25;1,499;1,895;2,000;2,119
01:05:34;OFF;25;1,499;2,002;2,000;2,041
01:05:40;OFF;25;1,504;2,026;2,000;2,231
01:05:47;OFF;25;1,499;1,997;2,000;1,948
01:05:54;OFF;25;1,494;1,997;2,000;1,948
01:06:01;OFF;25;1,499;2,002;2,000;1,948
01:06:08;OFF;25;1,499;2,012;2,000;2,051
01:06:14;OFF;25;1,499;1,890;2,000;2,124
01:06:21;OFF;25;1,499;1,885;2,000;2,119
01:06:28;OFF;25;1,494;1,992;2,000;1,948
01:06:35;OFF;25;1,499;2,031;2,000;2,236
01:06:41;OFF;25;1,499;1,904;2,000;2,104
01:06:48;OFF;25;1,499;1,997;2,000;2,046
01:06:55;OFF;25;1,494;1,992;2,000;1,948
01:07:02;OFF;25;1,504;2,002;2,000;1,948
01:07:08;OFF;25;1,499;2,026;2,000;2,236
01:07:15;OFF;25;1,499;2,026;2,000;2,236
01:07:22;OFF;25;1,499;1,895;2,000;2,139
01:07:29;OFF;25;1,499;1,899;2,000;2,119
01:07:35;OFF;25;1,499;2,026;2,000;2,231
01:07:42;OFF;25;1,494;1,899;2,000;2,104
01:07:49;OFF;25;1,494;1,997;2,000;1,963
01:07:56;OFF;25;1,499;1,997;2,000;1,948
01:08:03;OFF;25;1,499;1,895;2,000;2,144
01:08:09;OFF;25;1,514;1,899;2,000;2,100
01:08:16;OFF;25;1,499;2,036;2,000;2,231
01:08:23;OFF;25;1,499;1,899;2,000;2,104
01:08:30;OFF;25;1,494;2,031;2,000;2,241
01:08:36;OFF;25;1,494;1,885;2,000;2,119
01:08:43;OFF;25;1,504;2,026;2,000;2,236
01:08:50;OFF;25;1,499;1,890;2,000;2,119
01:08:57;OFF;25;1,494;1,997;2,000;1,948
01:09:03;OFF;25;1,504;1,904;2,000;2,109
01:09:10;OFF;25;1,499;1,895;2,000;2,124
01:09:17;OFF;25;1,494;1,899;2,000;2,104
01:09:24;OFF;25;1,499;2,007;2,000;2,051
01:09:31;OFF;25;1,504;2,002;2,000;2,051
01:09:37;OFF;25;1,499;2,002;2,000;2,051
01:09:44;OFF;25;1,499;1,890;2,000;2,119
01:09:51;OFF;25;1,494;1,890;2,000;2,119
01:09:58;OFF;25;1,499;1,997;2,000;1,943
01:10:04;OFF;25;1,504;2,007;2,000;2,046
01:10:11;OFF;25;1,499;1,987;2,000;1,938
01:10:18;OFF;25;1,499;1,890;2,000;2,119
01:10:25;OFF;25;1,499;1,992;2,000;1,943
01:10:31;OFF;25;1,499;2,021;2,000;2,227
01:10:38;OFF;25;1,499;1,987;2,000;1,953
01:10:45;OFF;25;1,504;1,885;2,000;2,109
01:10:52;OFF;25;1,499;2,026;2,000;2,222
01:10:59;OFF;25;1,504;1,895;2,000;2,095
01:11:05;OFF;25;1,509;1,899;2,000;2,104
01:11:12;OFF;25;1,504;1,992;2,000;1,958
01:11:19;OFF;25;1,504;1,997;2,000;1,948
01:11:26;OFF;25;1,504;2,002;2,000;2,041
01:11:32;OFF;25;1,504;1,997;2,000;1,943
01:11:39;OFF;25;1,504;2,021;2,000;2,217
01:11:46;OFF;25;1,504;1,890;2,000;2,114
01:11:53;OFF;25;1,499;2,026;2,000;2,222
01:11:59;OFF;25;1,509;1,899;2,000;2,114
01:12:06;OFF;25;1,504;1,997;2,000;1,948
01:12:13;OFF;25;1,504;1,899;2,000;2,095
01:12:20;OFF;25;1,504;2,002;2,000;2,041
01:12:26;OFF;25;1,504;1,909;2,000;2,100
01:12:33;OFF;25;1,504;2,026;2,000;2,217
01:12:40;OFF;25;1,499;2,002;2,000;2,036
01:12:47;OFF;25;1,499;2,007;2,000;2,046
01:12:54;OFF;25;1,499;1,899;2,000;2,100
01:13:00;OFF;25;1,504;2,007;2,000;2,041
01:13:07;OFF;25;1,504;2,021;2,000;2,222
01:13:14;OFF;25;1,504;1,895;2,000;2,109
01:13:21;OFF;25;1,499;2,002;2,000;2,031
01:13:27;OFF;25;1,504;1,992;2,000;1,938
01:13:34;OFF;25;1,499;1,899;2,000;2,104
01:13:41;OFF;25;1,504;2,012;2,000;2,041
01:13:48;OFF;25;1,504;2,002;2,000;2,036
01:13:54;OFF;25;1,504;1,895;2,000;2,090
01:14:01;OFF;25;1,499;1,890;2,000;2,109
01:14:08;OFF;25;1,504;2,007;2,000;2,036
01:14:15;OFF;25;1,499;1,890;2,000;2,100
01:14:22;OFF;25;3,892;4,995;2,000;0,000
01:14:28;OFF;25;3,906;4,995;2,000;0,005
01:14:35;OFF;0;1,499;1,899;2,000;2,090
01:14:42;OFF;0;1,494;1,489;2,000;0,000
01:14:49;OFF;0;0,000;0,000;2,000;0,000
01:14:55;OFF;0;0,000;0,000;2,000;0,000
01:15:02;OFF;0;0,000;0,000;2,000;0,000
